Id,Category,CategoryOfSequences_ru,FXY1,Title_ru,SubTitle_ru,FXY2,ElementName_ru,ElementDescription_ru,Note_ru,noteIDs,Status
bufr4/3/15/001/1/001011,15,Последовательности океанографических сводок,315001,Указатель судна или подвижной наземной станции Позывной сигнал судна,,001011,Указатель судна или подвижной наземной станции Позывной сигнал судна,,,,Operational
bufr4/3/15/001/2/301011,15,Последовательности океанографических сводок,315001,Указатель судна или подвижной наземной станции Позывной сигнал судна,,301011,"Год, месяц, день",,,,Operational
bufr4/3/15/001/3/301012,15,Последовательности океанографических сводок,315001,Указатель судна или подвижной наземной станции Позывной сигнал судна,,301012,"Час, минута",,,,Operational
bufr4/3/15/001/4/301023,15,Последовательности океанографических сводок,315001,Указатель судна или подвижной наземной станции Позывной сигнал судна,,301023,Широта/долгота (низкая точность),,,,Operational
bufr4/3/15/001/5/306001,15,Последовательности океанографических сводок,315001,Указатель судна или подвижной наземной станции Позывной сигнал судна,,306001,"Глубина, температура (Обычно сообщаемые данные подводного зондирования без необязательных полей)",,,,Operational
bufr4/3/15/002/1/001011,15,Последовательности океанографических сводок,315002,Указатель судна или подвижной наземной станции Позывной сигнал судна,,001011,Указатель судна или подвижной наземной станции Позывной сигнал судна,,,,Operational
bufr4/3/15/002/2/301011,15,Последовательности океанографических сводок,315002,Указатель судна или подвижной наземной станции Позывной сигнал судна,,301011,"Год, месяц, день",,,,Operational
bufr4/3/15/002/3/301012,15,Последовательности океанографических сводок,315002,Указатель судна или подвижной наземной станции Позывной сигнал судна,,301012,"Час, минута",,,,Operational
bufr4/3/15/002/4/301023,15,Последовательности океанографических сводок,315002,Указатель судна или подвижной наземной станции Позывной сигнал судна,,301023,Широта/долгота (низкая точность),,,,Operational
bufr4/3/15/002/5/306004,15,Последовательности океанографических сводок,315002,Указатель судна или подвижной наземной станции Позывной сигнал судна,,306004,"Глубина, температура, соленость (Профиль температуры и солености, наблюдаемый с ныряющих буев)",,,,Operational
bufr4/3/15/003/1/001087,15,Последовательности океанографических сводок,315003,Расширенный указатель морской наблюдательной платформы ВМО,,001087,Расширенный указатель морской наблюдательной платформы ВМО,,,,Operational
bufr4/3/15/003/2/001085,15,Последовательности океанографических сводок,315003,Расширенный указатель морской наблюдательной платформы ВМО,,001085,Модель производителя наблюдательной платформы,,,,Operational
bufr4/3/15/003/3/001086,15,Последовательности океанографических сводок,315003,Расширенный указатель морской наблюдательной платформы ВМО,,001086,Серийный номер производителя наблюдательной платформы,,,,Operational
bufr4/3/15/003/4/002036,15,Последовательности океанографических сводок,315003,Расширенный указатель морской наблюдательной платформы ВМО,,002036,Тип буя,,,,Operational
bufr4/3/15/003/5/002148,15,Последовательности океанографических сводок,315003,Расширенный указатель морской наблюдательной платформы ВМО,,002148,Система сбора данных и/или определения местоположения,,,,Operational
bufr4/3/15/003/6/002149,15,Последовательности океанографических сводок,315003,Расширенный указатель морской наблюдательной платформы ВМО,,002149,Тип буя для сбора данных,,,,Operational
bufr4/3/15/003/7/022055,15,Последовательности океанографических сводок,315003,Расширенный указатель морской наблюдательной платформы ВМО,,022055,Номер цикла буя,,,,Operational
bufr4/3/15/003/8/022056,15,Последовательности океанографических сводок,315003,Расширенный указатель морской наблюдательной платформы ВМО,,022056,Направление профиля,,,,Operational
bufr4/3/15/003/9/022067,15,Последовательности океанографических сводок,315003,Расширенный указатель морской наблюдательной платформы ВМО,,022067,Тип прибора для измерения профиля температуры/ солености воды,,,,Operational
bufr4/3/15/003/10/301011,15,Последовательности океанографических сводок,315003,Расширенный указатель морской наблюдательной платформы ВМО,,301011,"Год, месяц, день",,,,Operational
bufr4/3/15/003/11/301012,15,Последовательности океанографических сводок,315003,Расширенный указатель морской наблюдательной платформы ВМО,,301012,"Час, минута",,,,Operational
bufr4/3/15/003/12/301021,15,Последовательности океанографических сводок,315003,Расширенный указатель морской наблюдательной платформы ВМО,,301021,Широта/долгота (высокая точность),,,,Operational
bufr4/3/15/003/13/008080,15,Последовательности океанографических сводок,315003,Расширенный указатель морской наблюдательной платформы ВМО,,008080,Описатель флага качества ГТСПП*,,,,Operational
bufr4/3/15/003/14/033050,15,Последовательности океанографических сводок,315003,Расширенный указатель морской наблюдательной платформы ВМО,,033050,Общий флаг качества ГТСПП*,,,,Operational
bufr4/3/15/003/15/109000,15,Последовательности океанографических сводок,315003,Расширенный указатель морской наблюдательной платформы ВМО,,109000,Повторение с задержкой 9 дескрипторов,,,,Operational
bufr4/3/15/003/16/031002,15,Последовательности океанографических сводок,315003,Расширенный указатель морской наблюдательной платформы ВМО,,031002,Коэффициент повторения расширенного дескриптора с задержкой,,,,Operational
bufr4/3/15/003/17/007065,15,Последовательности океанографических сводок,315003,Расширенный указатель морской наблюдательной платформы ВМО,,007065,Давление воды,,,,Operational
bufr4/3/15/003/18/008080,15,Последовательности океанографических сводок,315003,Расширенный указатель морской наблюдательной платформы ВМО,,008080,Описатель флага качества ГТСПП*,,,,Operational
bufr4/3/15/003/19/033050,15,Последовательности океанографических сводок,315003,Расширенный указатель морской наблюдательной платформы ВМО,,033050,Общий флаг качества ГТСПП*,,,,Operational
bufr4/3/15/003/20/022045,15,Последовательности океанографических сводок,315003,Расширенный указатель морской наблюдательной платформы ВМО,,022045,Температура моря/воды,,,,Operational
bufr4/3/15/003/21/008080,15,Последовательности океанографических сводок,315003,Расширенный указатель морской наблюдательной платформы ВМО,,008080,Описатель флага качества ГТСПП*,,,,Operational
bufr4/3/15/003/22/033050,15,Последовательности океанографических сводок,315003,Расширенный указатель морской наблюдательной платформы ВМО,,033050,Общий флаг качества ГТСПП*,,,,Operational
bufr4/3/15/003/23/022064,15,Последовательности океанографических сводок,315003,Расширенный указатель морской наблюдательной платформы ВМО,,022064,Соленость,,,,Operational
bufr4/3/15/003/24/008080,15,Последовательности океанографических сводок,315003,Расширенный указатель морской наблюдательной платформы ВМО,,008080,Описатель флага качества ГТСПП*,,,,Operational
bufr4/3/15/003/25/033050,15,Последовательности океанографических сводок,315003,Расширенный указатель морской наблюдательной платформы ВМО,,033050,Общий флаг качества ГТСПП* I.2 — Табл. D BUFR/15 — 1,(продолж.),,,Operational
bufr4/3/15/004/1/001079,15,Последовательности океанографических сводок,315004,Индивидуальный указатель для профиля Шестнадцатирич- ная строка,,001079,Индивидуальный указатель для профиля Шестнадцатиричная строка,,,,Operational
bufr4/3/15/004/2/001011,15,Последовательности океанографических сводок,315004,Индивидуальный указатель для профиля Шестнадцатирич- ная строка,,001011,Указатель судна или подвижной наземной станции Позывной сигнал судна,,,,Operational
bufr4/3/15/004/3/001103,15,Последовательности океанографических сводок,315004,Индивидуальный указатель для профиля Шестнадцатирич- ная строка,,001103,Номер ИМО. Единый регистр Ллойда = 0–9999999,,,,Operational
bufr4/3/15/004/4/001087,15,Последовательности океанографических сводок,315004,Индивидуальный указатель для профиля Шестнадцатирич- ная строка,,001087,Расширенный указатель морской наблюдательной платформы ВМО (см. примечание 1),,,,Operational
bufr4/3/15/004/5/001019,15,Последовательности океанографических сводок,315004,Индивидуальный указатель для профиля Шестнадцатирич- ная строка,,001019,Полное название станции или поста Название судна,,,,Operational
bufr4/3/15/004/6/001080,15,Последовательности океанографических сводок,315004,Индивидуальный указатель для профиля Шестнадцатирич- ная строка,,001080,Номер судоходной линии согласно ППС**,,,,Operational
bufr4/3/15/004/7/005036,15,Последовательности океанографических сводок,315004,Индивидуальный указатель для профиля Шестнадцатирич- ная строка,,005036,Номер трансекты судна согласно ППС (см. примечание 2),,,,Operational
bufr4/3/15/004/8/001036,15,Последовательности океанографических сводок,315004,Индивидуальный указатель для профиля Шестнадцатирич- ная строка,,001036,"Организация, ответственная за функционирование наблюдательной платформы",,,,Operational
bufr4/3/15/004/9/001013,15,Последовательности океанографических сводок,315004,Индивидуальный указатель для профиля Шестнадцатирич- ная строка,,001013,Скорость движения подвижной наблюдательной платформы,,,,Operational
bufr4/3/15/004/10/001012,15,Последовательности океанографических сводок,315004,Индивидуальный указатель для профиля Шестнадцатирич- ная строка,,001012,Направление движения подвижной наблюдательной платформы,,,,Operational
bufr4/3/15/004/11/301011,15,Последовательности океанографических сводок,315004,Индивидуальный указатель для профиля Шестнадцатирич- ная строка,,301011,"Год, месяц, день",,,,Operational
bufr4/3/15/004/12/301012,15,Последовательности океанографических сводок,315004,Индивидуальный указатель для профиля Шестнадцатирич- ная строка,,301012,"Час, минута",,,,Operational
bufr4/3/15/004/13/301021,15,Последовательности океанографических сводок,315004,Индивидуальный указатель для профиля Шестнадцатирич- ная строка,,301021,Широта/долгота (высокая точность),,,,Operational
bufr4/3/15/004/14/007032,15,Последовательности океанографических сводок,315004,Индивидуальный указатель для профиля Шестнадцатирич- ная строка,,007032,Высота датчика над местной площадкой (или палубой морской платформы),,,,Operational
bufr4/3/15/004/15/007033,15,Последовательности океанографических сводок,315004,Индивидуальный указатель для профиля Шестнадцатирич- ная строка,,007033,Высота датчика над поверхностью воды,,,,Operational
bufr4/3/15/004/16/002002,15,Последовательности океанографических сводок,315004,Индивидуальный указатель для профиля Шестнадцатирич- ная строка,,002002,Тип приборного обеспечения для измерения ветра,,,,Operational
bufr4/3/15/004/17/011002,15,Последовательности океанографических сводок,315004,Индивидуальный указатель для профиля Шестнадцатирич- ная строка,,011002,Скорость ветра,,,,Operational
bufr4/3/15/004/18/011001,15,Последовательности океанографических сводок,315004,Индивидуальный указатель для профиля Шестнадцатирич- ная строка,,011001,Направление ветра,,,,Operational
bufr4/3/15/004/19/007032,15,Последовательности океанографических сводок,315004,Индивидуальный указатель для профиля Шестнадцатирич- ная строка,,007032,Высота датчика над местной площадкой (или палубой морской платформы),,,,Operational
bufr4/3/15/004/20/007033,15,Последовательности океанографических сводок,315004,Индивидуальный указатель для профиля Шестнадцатирич- ная строка,,007033,Высота датчика над поверхностью воды,,,,Operational
bufr4/3/15/004/21/012101,15,Последовательности океанографических сводок,315004,Индивидуальный указатель для профиля Шестнадцатирич- ная строка,,012101,Температура/температура воздуха,,,,Operational
bufr4/3/15/004/22/012103,15,Последовательности океанографических сводок,315004,Индивидуальный указатель для профиля Шестнадцатирич- ная строка,,012103,Температура точки росы,,,,Operational
bufr4/3/15/004/23/007032,15,Последовательности океанографических сводок,315004,Индивидуальный указатель для профиля Шестнадцатирич- ная строка,,007032,Высота датчика над местной площадкой (или палубой Установлено на морской платформы) отсутствующее значение (отмена),,,,Operational
bufr4/3/15/004/24/007033,15,Последовательности океанографических сводок,315004,Индивидуальный указатель для профиля Шестнадцатирич- ная строка,,007033,Высота датчика над поверхностью воды Установлено на отсутствующее значение (отмена),,,,Operational
bufr4/3/15/004/25/302021,15,Последовательности океанографических сводок,315004,Индивидуальный указатель для профиля Шестнадцатирич- ная строка,,302021,Волнение,,,,Operational
bufr4/3/15/004/26/002031,15,Последовательности океанографических сводок,315004,Индивидуальный указатель для профиля Шестнадцатирич- ная строка,,002031,Продолжительность и время измерения течения,,,,Operational
bufr4/3/15/004/27/002030,15,Последовательности океанографических сводок,315004,Индивидуальный указатель для профиля Шестнадцатирич- ная строка,,002030,Метод измерения течения,,,,Operational
bufr4/3/15/004/28/022005,15,Последовательности океанографических сводок,315004,Индивидуальный указатель для профиля Шестнадцатирич- ная строка,,022005,Направление поверхностного морского течения,,,,Operational
bufr4/3/15/004/29/022032,15,Последовательности океанографических сводок,315004,Индивидуальный указатель для профиля Шестнадцатирич- ная строка,,022032,Скорость поверхностного морского течения,,,,Operational
bufr4/3/15/004/30/022063,15,Последовательности океанографических сводок,315004,Индивидуальный указатель для профиля Шестнадцатирич- ная строка,,022063,Общая глубина воды,,,,Operational
bufr4/3/15/004/31/008080,15,Последовательности океанографических сводок,315004,Индивидуальный указатель для профиля Шестнадцатирич- ная строка,,008080,Описатель флага качества ГТСПП*,,,,Operational
bufr4/3/15/004/32/033050,15,Последовательности океанографических сводок,315004,Индивидуальный указатель для профиля Шестнадцатирич- ная строка,,033050,Общий флаг качества ГТСПП*,,,,Operational
bufr4/3/15/004/33/022178,15,Последовательности океанографических сводок,315004,Индивидуальный указатель для профиля Шестнадцатирич- ная строка,,022178,Тип устройства для спуска ОБТ/ОПТГ,,,,Operational
bufr4/3/15/004/34/022177,15,Последовательности океанографических сводок,315004,Индивидуальный указатель для профиля Шестнадцатирич- ная строка,,022177,"Высота над уровВысота устройства для спуска ОБТ/ОПТГ нем моря | От 0 до 50 м, в единицах, равных полным м",,,,Operational
bufr4/3/15/004/35/022067,15,Последовательности океанографических сводок,315004,Индивидуальный указатель для профиля Шестнадцатирич- ная строка,,022067,Тип прибора для измерений профиля температуры/ солености воды,,,,Operational
bufr4/3/15/004/36/008041,15,Последовательности океанографических сводок,315004,Индивидуальный указатель для профиля Шестнадцатирич- ная строка,,008041,Значимость данных,,,,Operational
bufr4/3/15/004/37/026021,15,Последовательности океанографических сводок,315004,Индивидуальный указатель для профиля Шестнадцатирич- ная строка,,026021,Год,(продолж.),,,Operational
bufr4/3/15/004/1/026022,15,Последовательности океанографических сводок,315004,Месяц,,026022,Месяц,,,,Operational
bufr4/3/15/004/2/026023,15,Последовательности океанографических сводок,315004,Месяц,,026023,День,,,,Operational
bufr4/3/15/004/3/022068,15,Последовательности океанографических сводок,315004,Месяц,,022068,Типы регистраторов профиля температуры воды,,,,Operational
bufr4/3/15/004/4/025061,15,Последовательности океанографических сводок,315004,Месяц,,025061,Идентификация программного обеспечения и номер версии,,,,Operational
bufr4/3/15/004/5/008041,15,Последовательности океанографических сводок,315004,Месяц,,008041,Значимость данных Установлено на отсутствующее значение (отмена),,,,Operational
bufr4/3/15/004/6/008080,15,Последовательности океанографических сводок,315004,Месяц,,008080,Описатель флага качества ГТСПП* Установлено на отсутствующее значение (отмена),,,,Operational
bufr4/3/15/004/7/002171,15,Последовательности океанографических сводок,315004,Месяц,,002171,Серийный номер прибора для измерения профиля температуры воды,,,,Operational
bufr4/3/15/004/8/302090,15,Последовательности океанографических сводок,315004,Месяц,,302090,Температура моря/воды (высокая точность),,,,Operational
bufr4/3/15/004/9/002171,15,Последовательности океанографических сводок,315004,Месяц,,002171,Серийный номер прибора для измерения профиля температуры воды,,,,Operational
bufr4/3/15/004/10/002032,15,Последовательности океанографических сводок,315004,Месяц,,002032,Указатель преобразования в цифровую форму (см. примечание 3),,,,Operational
bufr4/3/15/004/11/315005,15,Последовательности океанографических сводок,315004,Месяц,,315005,"Профиль температуры воды (профиль температуры, измеренный с помощью ОБТ или буя) (Профиль температуры воды (профиль температуры, измеренный с помощью ОБТ или буя)",,,,Operational
bufr4/3/15/005/1/106000,15,Последовательности океанографических сводок,315005,Повторение с задержкой 6 дескрипторов,,106000,Повторение с задержкой 6 дескрипторов,,,,Operational
bufr4/3/15/005/2/031002,15,Последовательности океанографических сводок,315005,Повторение с задержкой 6 дескрипторов,,031002,Коэффициент повторения расширенного дескриптора с задержкой,,,,Operational
bufr4/3/15/005/3/007063,15,Последовательности океанографических сводок,315005,Повторение с задержкой 6 дескрипторов,,007063,Глубина от поверхности моря/водной поверхности (см),,,,Operational
bufr4/3/15/005/4/008080,15,Последовательности океанографических сводок,315005,Повторение с задержкой 6 дескрипторов,,008080,Описатель флага качества ГТСПП* = 13 Глубина воды на горизонте,,,,Operational
bufr4/3/15/005/5/033050,15,Последовательности океанографических сводок,315005,Повторение с задержкой 6 дескрипторов,,033050,Общий флаг качества ГТСПП*,,,,Operational
bufr4/3/15/005/6/022043,15,Последовательности океанографических сводок,315005,Повторение с задержкой 6 дескрипторов,,022043,Температура моря/воды,,,,Operational
bufr4/3/15/005/7/008080,15,Последовательности океанографических сводок,315005,Повторение с задержкой 6 дескрипторов,,008080,Описатель флага качества ГТСПП* = 11 Температура воды на горизонте,,,,Operational
bufr4/3/15/005/8/033050,15,Последовательности океанографических сводок,315005,Повторение с задержкой 6 дескрипторов,,033050,"Общий флаг качества ГТСПП* (Последовательность для представления данных, полученных с помощью погружаемого в воду с судна прибора для измерения температуры, солености и профилей течений в подповерхностном слое моря/ воды)",,,,Operational
bufr4/3/15/007/1/301003,15,Последовательности океанографических сводок,315007,Позывной сигнал судна и его движение Расширенная идентификация,,301003,Позывной сигнал судна и его движение Расширенная идентификация,,,,Operational
bufr4/3/15/007/2/001019,15,Последовательности океанографических сводок,315007,Позывной сигнал судна и его движение Расширенная идентификация,,001019,Полное название станции или поста,,,,Operational
bufr4/3/15/007/3/001103,15,Последовательности океанографических сводок,315007,Позывной сигнал судна и его движение Расширенная идентификация,,001103,Значения ограниНомер ИМО. Единый регистр Ллойда чены пределами от 0 до 9999999,,,,Operational
bufr4/3/15/007/4/001087,15,Последовательности океанографических сводок,315007,Позывной сигнал судна и его движение Расширенная идентификация,,001087,"Расширенный указатель морской наблюдательной Установлено на платформы ВМО отсутствующее значение, если сообщается позывной сигнал судна Информация о рейсе/судоходной линии",,,,Operational
bufr4/3/15/007/5/001036,15,Последовательности океанографических сводок,315007,Позывной сигнал судна и его движение Расширенная идентификация,,001036,"Организация, ответственная за функционирование наблюдательной платформы I.2 — Табл. D BUFR/15 — 3",(продолж.),,,Operational
bufr4/3/15/007/1/001115,15,Последовательности океанографических сводок,315007,"Идентификатор рейса или программы, в рамках Установлено на которых были собраны данные отсутствующее значение, если идентификатор рейса не сообщается",,001115,"Идентификатор рейса или программы, в рамках Установлено на которых были собраны данные отсутствующее значение, если идентификатор рейса не сообщается",,,,Operational
bufr4/3/15/007/2/001080,15,Последовательности океанографических сводок,315007,"Идентификатор рейса или программы, в рамках Установлено на которых были собраны данные отсутствующее значение, если идентификатор рейса не сообщается",,001080,Номер судоходной линии согласно ППС,,,,Operational
bufr4/3/15/007/3/005036,15,Последовательности океанографических сводок,315007,"Идентификатор рейса или программы, в рамках Установлено на которых были собраны данные отсутствующее значение, если идентификатор рейса не сообщается",,005036,Номер трансекты судна согласно ППС,,,,Operational
bufr4/3/15/007/4/301011,15,Последовательности океанографических сводок,315007,"Идентификатор рейса или программы, в рамках Установлено на которых были собраны данные отсутствующее значение, если идентификатор рейса не сообщается",,301011,"Год, месяц, день",,,,Operational
bufr4/3/15/007/5/301012,15,Последовательности океанографических сводок,315007,"Идентификатор рейса или программы, в рамках Установлено на которых были собраны данные отсутствующее значение, если идентификатор рейса не сообщается",,301012,"Час, минута",,,,Operational
bufr4/3/15/007/6/301021,15,Последовательности океанографических сводок,315007,"Идентификатор рейса или программы, в рамках Установлено на которых были собраны данные отсутствующее значение, если идентификатор рейса не сообщается",,301021,Широта/долгота (высокая точность) Информация о профиле,,,,Operational
bufr4/3/15/007/7/001079,15,Последовательности океанографических сводок,315007,"Идентификатор рейса или программы, в рамках Установлено на которых были собраны данные отсутствующее значение, если идентификатор рейса не сообщается",,001079,Индивидуальный указатель для профиля,,,,Operational
bufr4/3/15/007/8/001023,15,Последовательности океанографических сводок,315007,"Идентификатор рейса или программы, в рамках Установлено на которых были собраны данные отсутствующее значение, если идентификатор рейса не сообщается",,001023,Номер последовательности наблюдений Номер серии наблюдений/ станции вдоль линии/трансекты,,,,Operational
bufr4/3/15/007/9/022063,15,Последовательности океанографических сводок,315007,"Идентификатор рейса или программы, в рамках Установлено на которых были собраны данные отсутствующее значение, если идентификатор рейса не сообщается",,022063,Общая глубина воды Поверхностное давление,,,,Operational
bufr4/3/15/007/10/101000,15,Последовательности океанографических сводок,315007,"Идентификатор рейса или программы, в рамках Установлено на которых были собраны данные отсутствующее значение, если идентификатор рейса не сообщается",,101000,Повторение 1 дескриптора с задержкой,,,,Operational
bufr4/3/15/007/11/031000,15,Последовательности океанографических сводок,315007,"Идентификатор рейса или программы, в рамках Установлено на которых были собраны данные отсутствующее значение, если идентификатор рейса не сообщается",,031000,Коэффициент повторения короткого дескриптора с задержкой,,,,Operational
bufr4/3/15/007/12/302001,15,Последовательности океанографических сводок,315007,"Идентификатор рейса или программы, в рамках Установлено на которых были собраны данные отсутствующее значение, если идентификатор рейса не сообщается",,302001,Давление и его изменение за 3 часа Волнение,,,,Operational
bufr4/3/15/007/13/101000,15,Последовательности океанографических сводок,315007,"Идентификатор рейса или программы, в рамках Установлено на которых были собраны данные отсутствующее значение, если идентификатор рейса не сообщается",,101000,Повторение 1 дескриптора с задержкой,,,,Operational
bufr4/3/15/007/14/031000,15,Последовательности океанографических сводок,315007,"Идентификатор рейса или программы, в рамках Установлено на которых были собраны данные отсутствующее значение, если идентификатор рейса не сообщается",,031000,Коэффициент повторения короткого дескриптора с задержкой,,,,Operational
bufr4/3/15/007/15/302021,15,Последовательности океанографических сводок,315007,"Идентификатор рейса или программы, в рамках Установлено на которых были собраны данные отсутствующее значение, если идентификатор рейса не сообщается",,302021,Волнение Данные о температуре и влажности,,,,Operational
bufr4/3/15/007/16/101000,15,Последовательности океанографических сводок,315007,"Идентификатор рейса или программы, в рамках Установлено на которых были собраны данные отсутствующее значение, если идентификатор рейса не сообщается",,101000,Повторение 1 дескриптора с задержкой,,,,Operational
bufr4/3/15/007/17/031000,15,Последовательности океанографических сводок,315007,"Идентификатор рейса или программы, в рамках Установлено на которых были собраны данные отсутствующее значение, если идентификатор рейса не сообщается",,031000,Коэффициент повторения короткого дескриптора с задержкой,,,,Operational
bufr4/3/15/007/18/302052,15,Последовательности океанографических сводок,315007,"Идентификатор рейса или программы, в рамках Установлено на которых были собраны данные отсутствующее значение, если идентификатор рейса не сообщается",,302052,"Данные о температуре и влажности, полученные с судна Данные о ветре",,,,Operational
bufr4/3/15/007/19/101000,15,Последовательности океанографических сводок,315007,"Идентификатор рейса или программы, в рамках Установлено на которых были собраны данные отсутствующее значение, если идентификатор рейса не сообщается",,101000,Повторение 1 дескриптора с задержкой,,,,Operational
bufr4/3/15/007/20/031000,15,Последовательности океанографических сводок,315007,"Идентификатор рейса или программы, в рамках Установлено на которых были собраны данные отсутствующее значение, если идентификатор рейса не сообщается",,031000,Коэффициент повторения короткого дескриптора с задержкой,,,,Operational
bufr4/3/15/007/21/302059,15,Последовательности океанографических сводок,315007,"Идентификатор рейса или программы, в рамках Установлено на которых были собраны данные отсутствующее значение, если идентификатор рейса не сообщается",,302059,"Данные о ветре, полученные с судна Поверхностные температура, соленость и течение",,,,Operational
bufr4/3/15/007/22/022067,15,Последовательности океанографических сводок,315007,"Идентификатор рейса или программы, в рамках Установлено на которых были собраны данные отсутствующее значение, если идентификатор рейса не сообщается",,022067,Тип прибора для измерения профиля температуры/ солености воды,,,,Operational
bufr4/3/15/007/23/002171,15,Последовательности океанографических сводок,315007,"Идентификатор рейса или программы, в рамках Установлено на которых были собраны данные отсутствующее значение, если идентификатор рейса не сообщается",,002171,Серийный номер прибора для измерения профиля температуры воды,,,,Operational
bufr4/3/15/007/24/302090,15,Последовательности океанографических сводок,315007,"Идентификатор рейса или программы, в рамках Установлено на которых были собраны данные отсутствующее значение, если идентификатор рейса не сообщается",,302090,Температура моря/воды (высокая точность) Температура поверхности,,,,Operational
bufr4/3/15/007/25/306033,15,Последовательности океанографических сводок,315007,"Идентификатор рейса или программы, в рамках Установлено на которых были собраны данные отсутствующее значение, если идентификатор рейса не сообщается",,306033,Соленость на поверхности,,,,Operational
bufr4/3/15/007/26/306034,15,Последовательности океанографических сводок,315007,"Идентификатор рейса или программы, в рамках Установлено на которых были собраны данные отсутствующее значение, если идентификатор рейса не сообщается",,306034,Поверхностное течение,,,,Operational
bufr4/3/15/007/27/002171,15,Последовательности океанографических сводок,315007,"Идентификатор рейса или программы, в рамках Установлено на которых были собраны данные отсутствующее значение, если идентификатор рейса не сообщается",,002171,Серийный номер прибора для измерения профиля Установлено на температуры воды отсутствующее значение (отмена),,,,Operational
bufr4/3/15/007/28/022067,15,Последовательности океанографических сводок,315007,"Идентификатор рейса или программы, в рамках Установлено на которых были собраны данные отсутствующее значение, если идентификатор рейса не сообщается",,022067,Тип прибора для измерения профиля температуры/ Установлено на солености воды отсутствующее значение (отмена),(продолж.),,,Operational
bufr4/3/15/007/1/002038,15,Последовательности океанографических сводок,315007,Данные о профиле температуры и солености,,002038,Метод измерения температуры и/или солености воды,,,,Operational
bufr4/3/15/007/2/022067,15,Последовательности океанографических сводок,315007,Данные о профиле температуры и солености,,022067,Тип прибора для измерения профиля температуры/ солености воды,,,,Operational
bufr4/3/15/007/3/022068,15,Последовательности океанографических сводок,315007,Данные о профиле температуры и солености,,022068,Типы регистраторов профиля температуры воды,,,,Operational
bufr4/3/15/007/4/002171,15,Последовательности океанографических сводок,315007,Данные о профиле температуры и солености,,002171,Серийный номер прибора для измерения профиля температуры воды,,,,Operational
bufr4/3/15/007/5/002033,15,Последовательности океанографических сводок,315007,Данные о профиле температуры и солености,,002033,Метод измерения солености/глубины,,,,Operational
bufr4/3/15/007/6/002032,15,Последовательности океанографических сводок,315007,Данные о профиле температуры и солености,,002032,Указатель преобразования в цифровую форму,,,,Operational
bufr4/3/15/007/7/022056,15,Последовательности океанографических сводок,315007,Данные о профиле температуры и солености,,022056,Направление профиля,,,,Operational
bufr4/3/15/007/8/003011,15,Последовательности океанографических сводок,315007,Данные о профиле температуры и солености,,003011,Метод расчета глубины,,,,Operational
bufr4/3/15/007/9/306035,15,Последовательности океанографических сводок,315007,Данные о профиле температуры и солености,,306035,Профиль температуры и солености Данные о профиле течения,,,,Operational
bufr4/3/15/007/10/107000,15,Последовательности океанографических сводок,315007,Данные о профиле температуры и солености,,107000,Повторение 7 дескрипторов с задержкой,,,,Operational
bufr4/3/15/007/11/031000,15,Последовательности океанографических сводок,315007,Данные о профиле температуры и солености,,031000,Коэффициент повторения короткого дескриптора с задержкой,,,,Operational
bufr4/3/15/007/12/002032,15,Последовательности океанографических сводок,315007,Данные о профиле температуры и солености,,002032,Указатель преобразования в цифровую форму,,,,Operational
bufr4/3/15/007/13/003010,15,Последовательности океанографических сводок,315007,Данные о профиле температуры и солености,,003010,Метод измерения морского/водного течения,,,,Operational
bufr4/3/15/007/14/002031,15,Последовательности океанографических сводок,315007,Данные о профиле температуры и солености,,002031,Продолжительность и время измерения течения,,,,Operational
bufr4/3/15/007/15/002040,15,Последовательности океанографических сводок,315007,Данные о профиле температуры и солености,,002040,Метод исключения скорости и направления движения платформы при определении параметров течения,,,,Operational
bufr4/3/15/007/16/022056,15,Последовательности океанографических сводок,315007,Данные о профиле температуры и солености,,022056,Направление профиля,,,,Operational
bufr4/3/15/007/17/003011,15,Последовательности океанографических сводок,315007,Данные о профиле температуры и солености,,003011,Метод расчета глубины,,,,Operational
bufr4/3/15/007/18/306036,15,Последовательности океанографических сводок,315007,Данные о профиле температуры и солености,,306036,Профиль течения Данные профиля растворенного кислорода,,,,Operational
bufr4/3/15/007/19/104000,15,Последовательности океанографических сводок,315007,Данные о профиле температуры и солености,,104000,Повторение с задержкой 4 дескрипторов,,,,Operational
bufr4/3/15/007/20/031000,15,Последовательности океанографических сводок,315007,Данные о профиле температуры и солености,,031000,Коэффициент повторения короткого дескриптора с задержкой,,,,Operational
bufr4/3/15/007/21/002032,15,Последовательности океанографических сводок,315007,Данные о профиле температуры и солености,,002032,Указатель преобразования в цифровую форму,,,,Operational
bufr4/3/15/007/22/003012,15,Последовательности океанографических сводок,315007,Данные о профиле температуры и солености,,003012,Тип прибора/датчик для измерения растворенного кислорода,,,,Operational
bufr4/3/15/007/23/003011,15,Последовательности океанографических сводок,315007,Данные о профиле температуры и солености,,003011,Метод расчета глубины,,,,Operational
bufr4/3/15/007/24/306037,15,Последовательности океанографических сводок,315007,Данные о профиле температуры и солености,,306037,(Последовательность для представления данных с заякоренных буев) Идентификация и местоположение буя,,,,Operational
bufr4/3/15/008/1/301126,15,Последовательности океанографических сводок,315008,Последовательность для представления идентификации заякоренных буев Стандартные метеорологические данные,,301126,Последовательность для представления идентификации заякоренных буев Стандартные метеорологические данные,,,,Operational
bufr4/3/15/008/2/306038,15,Последовательности океанографических сводок,315008,Последовательность для представления идентификации заякоренных буев Стандартные метеорологические данные,,306038,"Последовательность для представления стандартных Для буев, приземных морских метеорологических наблюдений оснащенных с заякоренных буев более чем одним анемометром, высота датчика должна относиться к тому, который используется Дополнительные вспомогательные метеорологические данные",,,,Operational
bufr4/3/15/008/3/101000,15,Последовательности океанографических сводок,315008,Последовательность для представления идентификации заякоренных буев Стандартные метеорологические данные,,101000,Повторение с задержкой 1 дескриптора,,,,Operational
bufr4/3/15/008/4/031000,15,Последовательности океанографических сводок,315008,Последовательность для представления идентификации заякоренных буев Стандартные метеорологические данные,,031000,Коэффициент повторения короткого дескриптора с задержкой,,,,Operational
bufr4/3/15/008/5/302091,15,Последовательности океанографических сводок,315008,Последовательность для представления идентификации заякоренных буев Стандартные метеорологические данные,,302091,Последовательность для представления дополнительных метеорологических наблюдений I.2 — Табл. D BUFR/15 — 5,(продолж.),,,Operational
bufr4/3/15/008/1/101000,15,Последовательности океанографических сводок,315008,Факультативные измерения радиации,,101000,Повторение с задержкой 1 дескриптора,,,,Operational
bufr4/3/15/008/2/031000,15,Последовательности океанографических сводок,315008,Факультативные измерения радиации,,031000,Коэффициент повторения короткого дескриптора с задержкой,,,,Operational
bufr4/3/15/008/3/302082,15,Последовательности океанографических сводок,315008,Факультативные измерения радиации,,302082,Данные о радиации Факультативные основные измерения волн,,,,Operational
bufr4/3/15/008/4/101000,15,Последовательности океанографических сводок,315008,Факультативные измерения радиации,,101000,Повторение с задержкой 1 дескриптора,,,,Operational
bufr4/3/15/008/5/031000,15,Последовательности океанографических сводок,315008,Факультативные измерения радиации,,031000,Коэффициент повторения короткого дескриптора с задержкой,,,,Operational
bufr4/3/15/008/6/306039,15,Последовательности океанографических сводок,315008,Факультативные измерения радиации,,306039,Последовательность для представления основных измерений волн Факультативные измерения спектра волн,,,,Operational
bufr4/3/15/008/7/101000,15,Последовательности океанографических сводок,315008,Факультативные измерения радиации,,101000,Повторение с задержкой 1 дескриптора,,,,Operational
bufr4/3/15/008/8/031000,15,Последовательности океанографических сводок,315008,Факультативные измерения радиации,,031000,Коэффициент повторения короткого дескриптора с задержкой,,,,Operational
bufr4/3/15/008/9/306040,15,Последовательности океанографических сводок,315008,Факультативные измерения радиации,,306040,Последовательность для представления детальных спектральных измерений волн Факультативные измерения профиля температуры,,,,Operational
bufr4/3/15/008/10/102000,15,Последовательности океанографических сводок,315008,Факультативные измерения радиации,,102000,Повторение с задержкой 2 дескрипторов,,,,Operational
bufr4/3/15/008/11/031000,15,Последовательности океанографических сводок,315008,Факультативные измерения радиации,,031000,Коэффициент повторения короткого дескриптора с задержкой,,,,Operational
bufr4/3/15/008/12/002005,15,Последовательности океанографических сводок,315008,Факультативные измерения радиации,,002005,Точность наблюдения температуры,,,,Operational
bufr4/3/15/008/13/306041,15,Последовательности океанографических сводок,315008,Факультативные измерения радиации,,306041,Профиль глубины и температуры (высокая точность/ прецизионность) Факультативные измерения профилей температуры и солености,,,,Operational
bufr4/3/15/008/14/102000,15,Последовательности океанографических сводок,315008,Факультативные измерения радиации,,102000,Повторение с задержкой 2 дескрипторов,,,,Operational
bufr4/3/15/008/15/031000,15,Последовательности океанографических сводок,315008,Факультативные измерения радиации,,031000,Коэффициент повторения короткого дескриптора с задержкой,,,,Operational
bufr4/3/15/008/16/002005,15,Последовательности океанографических сводок,315008,Факультативные измерения радиации,,002005,Точность наблюдения температуры,,,,Operational
bufr4/3/15/008/17/306004,15,Последовательности океанографических сводок,315008,Факультативные измерения радиации,,306004,"Глубина, температура, соленость Факультативные измерения подповерхностных течений",,,,Operational
bufr4/3/15/008/18/101000,15,Последовательности океанографических сводок,315008,Факультативные измерения радиации,,101000,Повторение с задержкой 1 дескриптора,,,,Operational
bufr4/3/15/008/19/031000,15,Последовательности океанографических сводок,315008,Факультативные измерения радиации,,031000,Коэффициент повторения короткого дескриптора с задержкой,,,,Operational
bufr4/3/15/008/20/306005,15,Последовательности океанографических сводок,315008,Факультативные измерения радиации,,306005,Измерения подповерхностных течений (Последовательность для представления данных с дрейфующих буев),,,,Operational
bufr4/3/15/009/1/001087,15,Последовательности океанографических сводок,315009,Расширенный указатель морской наблюдательной платформы ВМО,,001087,Расширенный указатель морской наблюдательной платформы ВМО,,,,Operational
bufr4/3/15/009/2/001019,15,Последовательности океанографических сводок,315009,Расширенный указатель морской наблюдательной платформы ВМО,,001019,Полное название станции или поста,,,,Operational
bufr4/3/15/009/3/002149,15,Последовательности океанографических сводок,315009,Расширенный указатель морской наблюдательной платформы ВМО,,002149,Тип буя для сбора данных Время/дата последнего известного местоположения,,,,Operational
bufr4/3/15/009/4/008021,15,Последовательности океанографических сводок,315009,Расширенный указатель морской наблюдательной платформы ВМО,,008021,= 26 Время последЗначимость времени него известного местоположения,,,,Operational
bufr4/3/15/009/5/301011,15,Последовательности океанографических сводок,315009,Расширенный указатель морской наблюдательной платформы ВМО,,301011,"Год, месяц, день Дата последнего известного местоположения",,,,Operational
bufr4/3/15/009/6/301012,15,Последовательности океанографических сводок,315009,Расширенный указатель морской наблюдательной платформы ВМО,,301012,"Час, минута Время последнего известного местоположения",(продолж.),,,Operational
bufr4/3/15/009/1/301021,15,Последовательности океанографических сводок,315009,Местоположение и качество местоположения,,301021,Широта/долгота (высокая точность),,,,Operational
bufr4/3/15/009/2/208016,15,Последовательности океанографических сводок,315009,Местоположение и качество местоположения,,208016,Изменить ширину поля МККТТ МА5 Изменить на 16 символов,,,,Operational
bufr4/3/15/009/3/001051,15,Последовательности океанографических сводок,315009,Местоположение и качество местоположения,,001051,Идентификационный номер передатчика платформы,,,,Operational
bufr4/3/15/009/4/208000,15,Последовательности океанографических сводок,315009,Местоположение и качество местоположения,,208000,Изменить ширину поля МККТТ МА5 Отменить,,,,Operational
bufr4/3/15/009/5/002148,15,Последовательности океанографических сводок,315009,Местоположение и качество местоположения,,002148,"= 1 Аргос, Система сбора данных и/или определения = 8 Иридиум и местоположения ГСОМ, = 9 Аргос-3",,,,Operational
bufr4/3/15/009/6/001012,15,Последовательности океанографических сводок,315009,Местоположение и качество местоположения,,001012,Направление движения подвижной наблюдательной Направление платформы дрейфа платформы,,,,Operational
bufr4/3/15/009/7/001014,15,Последовательности океанографических сводок,315009,Местоположение и качество местоположения,,001014,Скорость движеСкорость дрейфа платформы (высокая точность) ния подвижной наблюдательной платформы,,,,Operational
bufr4/3/15/009/8/033022,15,Последовательности океанографических сводок,315009,Местоположение и качество местоположения,,033022,Качество передачи спутником данных с буев,,,,Operational
bufr4/3/15/009/9/033023,15,Последовательности океанографических сводок,315009,Местоположение и качество местоположения,,033023,Качество местоположения буя,,,,Operational
bufr4/3/15/009/10/033027,15,Последовательности океанографических сводок,315009,Местоположение и качество местоположения,,033027,Класс качества местоположения (длина радиуса с достоверностью в 66 %),,,,Operational
bufr4/3/15/009/11/025026,15,Последовательности океанографических сводок,315009,Местоположение и качество местоположения,,025026,Напряжение батаНапряжение батареи (большой диапазон) реи на платформе Состояние плавучего якоря,,,,Operational
bufr4/3/15/009/12/002034,15,Последовательности океанографических сводок,315009,Местоположение и качество местоположения,,002034,Тип плавучего якоря,,,,Operational
bufr4/3/15/009/13/022060,15,Последовательности океанографических сводок,315009,Местоположение и качество местоположения,,022060,Состояние плавучего якоря дрейфующего буя Лагранжа,,,,Operational
bufr4/3/15/009/14/007070,15,Последовательности океанографических сводок,315009,Местоположение и качество местоположения,,007070,Глубина погружения якоря,,,,Operational
bufr4/3/15/009/15/002190,15,Последовательности океанографических сводок,315009,Местоположение и качество местоположения,,002190,Притопленный дрейфующий буй Лагранжа (время погружения в %) Время/дата наблюдения,,,,Operational
bufr4/3/15/009/16/008021,15,Последовательности океанографических сводок,315009,Местоположение и качество местоположения,,008021,Значимость времени = 25 Номинальное время сообщения,,,,Operational
bufr4/3/15/009/17/301011,15,Последовательности океанографических сводок,315009,Местоположение и качество местоположения,,301011,"Год, месяц, день Дата наблюдения",,,,Operational
bufr4/3/15/009/18/301012,15,Последовательности океанографических сводок,315009,Местоположение и качество местоположения,,301012,"Час, минута Время наблюдения Температура и соленость на поверхности",,,,Operational
bufr4/3/15/009/19/002005,15,Последовательности океанографических сводок,315009,Местоположение и качество местоположения,,002005,Точность наблюдения температуры,,,,Operational
bufr4/3/15/009/20/022043,15,Последовательности океанографических сводок,315009,Местоположение и качество местоположения,,022043,Температура моря/воды,,,,Operational
bufr4/3/15/009/21/002033,15,Последовательности океанографических сводок,315009,Местоположение и качество местоположения,,002033,Метод измерения солености/глубины,,,,Operational
bufr4/3/15/009/22/022059,15,Последовательности океанографических сводок,315009,Местоположение и качество местоположения,,022059,Соленость на поверхности моря Информация о типе поверхности/льде,,,,Operational
bufr4/3/15/009/23/008029,15,Последовательности океанографических сводок,315009,Местоположение и качество местоположения,,008029,Тип поверхности,,,,Operational
bufr4/3/15/009/24/013115,15,Последовательности океанографических сводок,315009,Местоположение и качество местоположения,,013115,Толщина льда Факультативные измерения профилей температуры и солености,,,,Operational
bufr4/3/15/009/25/103000,15,Последовательности океанографических сводок,315009,Местоположение и качество местоположения,,103000,Повторение с задержкой 3 дескрипторов,,,,Operational
bufr4/3/15/009/26/031000,15,Последовательности океанографических сводок,315009,Местоположение и качество местоположения,,031000,Коэффициент повторения короткого дескриптора с задержкой,,,,Operational
bufr4/3/15/009/27/002005,15,Последовательности океанографических сводок,315009,Местоположение и качество местоположения,,002005,Точность наблюдения температуры,,,,Operational
bufr4/3/15/009/28/306004,15,Последовательности океанографических сводок,315009,Местоположение и качество местоположения,,306004,"Глубина, температура, соленость",,,,Operational
bufr4/3/15/009/29/002005,15,Последовательности океанографических сводок,315009,Местоположение и качество местоположения,,002005,Точность наблюдения температуры Установить на отсутствующее значение (отмена) Данные о давлении и температуре воздуха,,,,Operational
bufr4/3/15/009/30/010004,15,Последовательности океанографических сводок,315009,Местоположение и качество местоположения,,010004,Давление,,,,Operational
bufr4/3/15/009/31/010051,15,Последовательности океанографических сводок,315009,Местоположение и качество местоположения,,010051,"Давление, приведенное к среднему уровню моря I.2 — Табл. D BUFR/15 — 7",(продолж.),,,Operational
bufr4/3/15/009/1/102000,15,Последовательности океанографических сводок,315009,Повторение с задержкой 2 дескрипторов,,102000,Повторение с задержкой 2 дескрипторов,,,,Operational
bufr4/3/15/009/2/031000,15,Последовательности океанографических сводок,315009,Повторение с задержкой 2 дескрипторов,,031000,Коэффициент повторения короткого дескриптора с задержкой,,,,Operational
bufr4/3/15/009/3/007033,15,Последовательности океанографических сводок,315009,Повторение с задержкой 2 дескрипторов,,007033,Высота датчика над поверхностью воды,,,,Operational
bufr4/3/15/009/4/012101,15,Последовательности океанографических сводок,315009,Повторение с задержкой 2 дескрипторов,,012101,Температура/температура воздуха Данные о ветре,,,,Operational
bufr4/3/15/009/5/101000,15,Последовательности океанографических сводок,315009,Повторение с задержкой 2 дескрипторов,,101000,Повторение с задержкой 1 дескриптора,,,,Operational
bufr4/3/15/009/6/031000,15,Последовательности океанографических сводок,315009,Повторение с задержкой 2 дескрипторов,,031000,Коэффициент повторения короткого дескриптора с задержкой,,,,Operational
bufr4/3/15/009/7/306042,15,Последовательности океанографических сводок,315009,Повторение с задержкой 2 дескрипторов,,306042,Измерение ветра с дрейфующего буя Данные о волнах,,,,Operational
bufr4/3/15/009/8/101000,15,Последовательности океанографических сводок,315009,Повторение с задержкой 2 дескрипторов,,101000,Повторение с задержкой 1 дескриптора,,,,Operational
bufr4/3/15/009/9/031000,15,Последовательности океанографических сводок,315009,Повторение с задержкой 2 дескрипторов,,031000,Коэффициент повторения короткого дескриптора с задержкой,,,,Operational
bufr4/3/15/009/10/306039,15,Последовательности океанографических сводок,315009,Повторение с задержкой 2 дескрипторов,,306039,Последовательность для представления основных измерений волн (Первые пять компонентов Фурье волнового спектра),,,,Operational
bufr4/3/15/010/1/112000,15,Последовательности океанографических сводок,315010,Повторение с задержкой 12 дескрипторов,,112000,Повторение с задержкой 12 дескрипторов,,,,Operational
bufr4/3/15/010/2/031001,15,Последовательности океанографических сводок,315010,Повторение с задержкой 12 дескрипторов,,031001,Коэффициент повторения дескриптора с задержкой,,,,Operational
bufr4/3/15/010/3/201144,15,Последовательности океанографических сводок,315010,Повторение с задержкой 12 дескрипторов,,201144,Изменить длину данных Добавить 16 бит к длине для каждого элемента данных в таблице B,,,,Operational
bufr4/3/15/010/4/202133,15,Последовательности океанографических сводок,315010,Повторение с задержкой 12 дескрипторов,,202133,Изменить масштаб Добавить 5 к масштабу для каждого элемента данных в таблице B,,,,Operational
bufr4/3/15/010/5/022080,15,Последовательности океанографических сводок,315010,Повторение с задержкой 12 дескрипторов,,022080,Центральная частота диапазона волн Гц,,,,Operational
bufr4/3/15/010/6/022096,15,Последовательности океанографических сводок,315010,Повторение с задержкой 12 дескрипторов,,022096,Ширина спектральной полосы Гц,,,,Operational
bufr4/3/15/010/7/022069,15,Последовательности океанографических сводок,315010,Повторение с задержкой 12 дескрипторов,,022069,2 Спектральная плотность волн ·Гц м,−1,,,Operational
bufr4/3/15/010/8/202000,15,Последовательности океанографических сводок,315010,Повторение с задержкой 12 дескрипторов,,202000,Изменить масштаб Отмена,,,,Operational
bufr4/3/15/010/9/201000,15,Последовательности океанографических сводок,315010,Повторение с задержкой 12 дескрипторов,,201000,Изменить длину данных Отмена,,,,Operational
bufr4/3/15/010/10/042011,15,Последовательности океанографических сводок,315010,Повторение с задержкой 12 дескрипторов,,042011,Коэффициент a1 направленных рядов Фурье Первый момент направленного волнового спектра,,,,Operational
bufr4/3/15/010/11/042012,15,Последовательности океанографических сводок,315010,Повторение с задержкой 12 дескрипторов,,042012,Коэффициент b1 направленных рядов Фурье Первый момент направленного волнового спектра,,,,Operational
bufr4/3/15/010/12/042013,15,Последовательности океанографических сводок,315010,Повторение с задержкой 12 дескрипторов,,042013,Коэффициент a2 направленных рядов Фурье Второй момент направленного волнового спектра,,,,Operational
bufr4/3/15/010/13/042014,15,Последовательности океанографических сводок,315010,Повторение с задержкой 12 дескрипторов,,042014,Коэффициент b2 направленных рядов Фурье Второй момент направленного волнового спектра,,,,Operational
bufr4/3/15/010/14/042015,15,Последовательности океанографических сводок,315010,Повторение с задержкой 12 дескрипторов,,042015,Проверочный фактор K Инверсия эллиптичности волны,(продолж.),,,Operational
